epoch,train_loss,mannequin_recall,mannequin_recall_synthetic,tent_recall,fp_per_image,seconds
0,0.2077605359946464,0.0010638297872340426,0.0010638297872340426,0.23453908984830804,0.98,453
1,0.1118550781965822,0.0425531914893617,0.0425531914893617,0.7619603267211202,2.776190476190476,408
2,0.08582108116525086,0.014893617021276596,0.014893617021276596,0.9206534422403734,2.880952380952381,413
3,0.08067215942819725,0.11808510638297873,0.11808510638297873,0.7374562427071178,1.3009523809523809,421
4,0.07019517219441804,0.26382978723404255,0.26382978723404255,0.8623103850641773,2.2876190476190477,413
5,0.057436039773061554,0.5127659574468085,0.5127659574468085,0.3348891481913652,1.9742857142857142,439
